disease,n,n0,n1,acc,precision,recall,f1,auroc
각막궤양,796,392,404,0.8316582914572864,0.8970588235294118,0.754950495049505,0.8198924731182796,0.9179190240452616
각막부골편,787,391,396,0.9415501905972046,0.9533678756476683,0.9292929292929293,0.9411764705882353,0.9755354052029243
결막염,783,387,396,0.7598978288633461,0.8170731707317073,0.6767676767676768,0.7403314917127072,0.8074348132487666
비궤양성각막염,306,151,155,0.9248366013071896,0.9647887323943662,0.8838709677419355,0.9225589225589226,0.9703482161931211
안검염,246,120,126,0.8252032520325203,0.7712418300653595,0.9365079365079365,0.8458781362007168,0.9525132275132275
평균,,,,0.8566292328515093,,,,0.9247501372406604
